Image,Class
0,Chydoridae
1,Chydoridae
2,Chydoridae
3,Chydoridae
4,Chydoridae
5,Chydoridae
6,Chydoridae
7,Chydoridae
8,Chydoridae
9,Chydoridae
10,Chydoridae
11,Chydoridae
12,Chydoridae
13,Chydoridae
14,Chydoridae
15,Chydoridae
16,Chydoridae
17,Chydoridae
18,Chydoridae
19,Chydoridae
20,Chydoridae
21,Chydoridae
22,Chydoridae
23,Chydoridae
24,Chydoridae
25,Chydoridae
26,Chydoridae
27,Chydoridae
28,Chydoridae
29,Chydoridae
30,Chydoridae
31,Chydoridae
32,Chydoridae
33,Chydoridae
34,Chydoridae
35,Chydoridae
36,Chydoridae
37,Chydoridae
38,Chydoridae
39,Chydoridae
40,Chydoridae
41,Chydoridae
42,Chydoridae
43,Chydoridae
44,Chydoridae
45,Chydoridae
46,Chydoridae
47,Chydoridae
48,Chydoridae
49,Chydoridae
50,Chydoridae
51,Chydoridae
52,Chydoridae
53,Chydoridae
54,Chydoridae
55,Chydoridae
56,Chydoridae
57,Chydoridae
58,Chydoridae
59,Chydoridae
60,Chydoridae
61,Daphnia
62,Daphnia
63,Daphnia
64,Daphnia
65,Daphnia
66,Daphnia
67,Daphnia
68,Daphnia
69,Daphnia
70,Daphnia
71,Daphnia
72,Daphnia
73,Daphnia
74,Daphnia
75,Daphnia
76,Daphnia
77,Daphnia
78,Daphnia
79,Daphnia
80,Daphnia
81,Daphnia
82,Daphnia
83,Daphnia
84,Daphnia
85,Daphnia
86,Daphnia
87,Daphnia
88,Daphnia
89,Daphnia
90,Daphnia
91,Daphnia
92,Daphnia
93,Daphnia
94,Daphnia
95,Daphnia
96,Daphnia
97,Daphnia
98,Daphnia
99,Daphnia
100,Daphnia
101,Daphnia
102,Daphnia
103,Daphnia
104,Daphnia
105,Daphnia
106,Daphnia
107,Daphnia
108,Daphnia
109,Daphnia
110,Daphnia
111,Daphnia
112,Daphnia
113,Daphnia
114,Daphnia
115,Daphnia
116,Daphnia
117,Daphnia
118,Daphnia
119,Daphnia
120,Daphnia
121,Daphnia
122,Chydoridae
123,Daphnia
124,Chydoridae
125,Daphnia
126,Daphnia
127,Chydoridae
128,Daphnia
129,Daphnia
130,Daphnia
131,Daphnia
132,Daphnia
133,Daphnia
134,Daphnia
135,Chydoridae
136,Chydoridae
137,Chydoridae
138,Chydoridae
139,Daphnia
140,Daphnia
141,Daphnia
142,Daphnia
143,Chydoridae
144,Chydoridae
145,Daphnia
146,Daphnia
147,Chydoridae
148,Chydoridae
149,Chydoridae
150,Daphnia
151,Chydoridae
152,Daphnia
153,Daphnia
154,Chydoridae
155,Chydoridae
156,Daphnia
157,Daphnia
158,Chydoridae
159,Daphnia
160,Daphnia
161,Daphnia
162,Daphnia
163,Daphnia
164,Chydoridae
165,Chydoridae
166,Chydoridae
167,Daphnia
168,Chydoridae
169,Daphnia
170,Daphnia
171,Chydoridae
172,Chydoridae
173,Chydoridae
174,Chydoridae
175,Chydoridae
176,Chydoridae
177,Daphnia
178,Chydoridae
179,Daphnia
180,Daphnia
181,Chydoridae
182,Chydoridae
183,Daphnia
184,Chydoridae
185,Daphnia
186,Chydoridae
187,Daphnia
188,Chydoridae
189,Chydoridae
190,Chydoridae
191,Daphnia
192,Chydoridae
193,Daphnia
194,Daphnia
195,Daphnia
196,Daphnia
197,Chydoridae
198,Chydoridae
199,Chydoridae
200,Daphnia
201,Chydoridae
202,Daphnia
203,Daphnia
204,Chydoridae
205,Chydoridae
206,Chydoridae
207,Chydoridae
208,Chydoridae
209,Daphnia
210,Chydoridae
211,Chydoridae
212,Daphnia
213,Chydoridae
214,Chydoridae
215,Chydoridae
216,Chydoridae
217,Chydoridae
218,Chydoridae
219,Daphnia
220,Daphnia
221,Daphnia
222,Chydoridae
223,Daphnia
224,Chydoridae
225,Chydoridae
226,Chydoridae
227,Daphnia
228,Chydoridae
229,Chydoridae
230,Chydoridae
231,Daphnia
232,Daphnia
233,Daphnia
234,Daphnia
235,Daphnia
236,Daphnia
237,Chydoridae
238,Daphnia
239,Daphnia
240,Daphnia
241,Daphnia
